"Account Id","Account Owner","Account Owner Id",Rating,"Account Name",Phone,"Account Site",Fax,"Parent Account","Parent Account Id",Website,"Account Number","Ticker Symbol","Account Type",Ownership,Industry,Employees,"Annual Revenue","SIC Code","Created By","Created By Id","Modified By","Modified By Id","Created Time","Modified Time","Global Account","Referred by","Referal Partner","Next step","Billing Street","Shipping Street","Billing City","Shipping City","Billing State","Shipping State","Billing Code","Shipping Code","Billing Country","Shipping Country",Description
174695000000033438,billmorrison,174695000000033001,,"AAMIL Ltd","022 818 6100",,,,,,0,,,,,0,0.0,0,billmorrison,174695000000033001,billmorrison,174695000000033001,"2009-11-30 17:56:35","2009-11-30 17:56:35",false,,,,"Place du Bourg de Four, 8 P.O.Box 3627, 1211 Geneva 3",,,,,,,,,,"Sandler Brief"
174695000000034396,billmorrison,174695000000033001,,"Credent Partners Sarl","+41 22 534 9188",,,,,,0,,,,,0,0.0,0,billmorrison,174695000000033001,"karen pink",174695000000033416,"2009-11-24 15:58:14","2010-03-22 13:37:31",false,,,,"14 Rue du Rhone 1204 Geneva",,,,,,,,,,"Sandler Brief"
174695000000034411,billmorrison,174695000000033001,,Authentiq,"021 624 6777",,,,,www.authentiq.biz,0,,,,,0,0.0,0,billmorrison,174695000000033001,billmorrison,174695000000033001,"2009-11-25 08:47:25","2009-11-25 08:47:25",false,,,,"Chemin des Uttins 4",,Preverenges,,Vaud,,1028,,Switzerland,,
174695000000034490,billmorrison,174695000000033001,,McKay,"022 776 7520",,,,,,0,,,,,0,0.0,0,billmorrison,174695000000033001,billmorrison,174695000000033001,"2009-11-25 12:31:00","2010-07-15 15:45:26",false,,,,"Ch. de Joran 10 1297 Founex",,,,,,,,,,"Sandler Brief"
174695000000034504,billmorrison,174695000000033001,,Autociel,"021 796 3737",,,,,,0,,Customer,,"Service Provider",0,0.0,0,billmorrison,174695000000033001,billmorrison,174695000000033001,"2009-11-25 12:33:44","2009-11-25 12:34:51",false,,,,"Route de Conversion 261 1093 La Conversion",,,,,,,,,,"car importer and expat support services"
174695000000034526,billmorrison,174695000000033001,,Sensient,"021 811 2340",,,,,,0,,,,,0,0.0,0,billmorrison,174695000000033001,billmorrison,174695000000033001,"2009-11-25 13:06:48","2010-06-02 10:06:30",false,,,,"Z.I. Riond-Bosson 8",,Morges,,Vaud,,1110,,,,"Sandler Brief"
174695000000036838,billmorrison,174695000000033001,,"Business English Solutions","021 311 37 91",,,,,,0,,,,,0,0.0,0,billmorrison,174695000000033001,billmorrison,174695000000033001,"2009-11-25 15:06:22","2010-04-14 10:21:31",false,"Karen GWIT",,,"Rue de Petit Chene 23 1003 Lausanne",,,,,,,,,,"Sandler Brief"
174695000000037537,billmorrison,174695000000033001,,"Energy Centre","+41 22 347 63 57",,,,,,0,,,,,0,0.0,0,billmorrison,174695000000033001,billmorrison,174695000000033001,"2009-11-24 20:31:55","2010-05-20 14:21:18",false,,,,"24 Ch de la Graviére, 1225 Chéne Bourg, Geneva",,,,,,,,,,"Sandler BRIEF"
174695000000037555,billmorrison,174695000000033001,,PrivatAir,"022 929 67 17",,,,,,0,,,,,0,0.0,0,billmorrison,174695000000033001,billmorrison,174695000000033001,"2009-11-24 20:36:23","2010-01-20 15:24:20",false,,,,"chemin des Papillons 18, 1215 Geneva",,,,,,,,,,"Sandler Brief"
174695000000037574,"reinier bakker",174695000000034001,,"Lamina Technologies","+41-24 423 5570",,,,,www.lamina-tech.ch,0,,,Private,"Small/Medium Enterprise",0,0.0,0,"reinier bakker",174695000000034001,"reinier bakker",174695000000034001,"2009-11-26 01:02:28","2009-12-28 11:49:28",false,,,,,,,,,,,,,,
174695000000043003,billmorrison,174695000000033001,,"Hotel De La Paix","+41 22 909 60 00",,,,,,0,,,,,0,0.0,0,billmorrison,174695000000033001,billmorrison,174695000000033001,"2009-12-02 18:03:57","2009-12-02 18:03:57",false,,,,"11 quai du Mont-Blanc 1211 Geneva 1 SWITZERLAND",,,,,,,,,,"Sandler Brief"
174695000000043021,billmorrison,174695000000033001,,"Burson-Marstellar SA","022 593 6920",,,,,,0,,,,,0,0.0,0,billmorrison,174695000000033001,billmorrison,174695000000033001,"2009-12-02 18:09:09","2010-04-01 11:43:32",false,,,,"Blvd. des Philosophes 18 1205 Geneva",,,,,,,,,,"Sandler Brief"
174695000000049013,billmorrison,174695000000033001,,"Deloitte AG","022 747 7000",,,,,,0,,,,,0,0.0,0,billmorrison,174695000000033001,billmorrison,174695000000033001,"2009-12-09 16:50:09","2010-05-03 11:50:25",false,,,,"20 Rte de Pré-Bois 1215 Geneva",,,,,,,,,,"Sandler Brief"
174695000000057005,billmorrison,174695000000033001,,"Aerospace Consultant",,,,,,,0,,,,,0,0.0,0,billmorrison,174695000000033001,billmorrison,174695000000033001,"2009-12-18 14:08:53","2009-12-18 14:08:53",false,,,,,,,,,,,,,,
174695000000061001,billmorrison,174695000000033001,Active,Touchmind,"+41 79 374 6088",http://www.touchmind.com/,,,,,0,,Partner,Private,"Small/Medium Enterprise",0,1200000.0,0,billmorrison,174695000000033001,billmorrison,174695000000033001,"2009-12-23 09:59:55","2010-02-10 08:38:00",false,,,,,,,,,,,,,,"CRM manufacturer, secure and Swiss based."
174695000000061013,billmorrison,174695000000033001,Active,Bluesky,"+41 52 203 06 85",,,,,http://www.mybluesky.ch/,,,,,,0,0.0,0,billmorrison,174695000000033001,billmorrison,174695000000033001,"2009-12-23 10:25:26","2009-12-23 10:37:08",false,,,,"Metzggasse 8",,Winterthur,,,,,,Switzerland,,"English language training broker."
174695000000061110,"reinier bakker",174695000000034001,,Leclanche,+41-24-4246535,,,,,www.leclanche.com,0,,,,"Small/Medium Enterprise",0,0.0,0,"reinier bakker",174695000000034001,"reinier bakker",174695000000034001,"2009-12-28 11:41:10","2009-12-28 11:41:10",false,,,,,,"Yverdon les Bains",,,,,,,,"Meeting set for January 7, 2010"
174695000000061124,"reinier bakker",174695000000034001,,Interiman,"+41 21 601 8690",,,,,www.interiman.ch,,,Prospect,,"Small/Medium Enterprise",0,1.0E8,0,"reinier bakker",174695000000034001,"reinier bakker",174695000000034001,"2009-12-28 12:01:03","2009-12-29 12:30:16",false,,,,,,,,,,,,,,
174695000000061130,"reinier bakker",174695000000034001,,Givaudan,"+41 22 780 9466",,,,,www.givaudan.com,,,Prospect,,"Large Enterprise",0,4.0E9,0,"reinier bakker",174695000000034001,"reinier bakker",174695000000034001,"2009-12-28 12:07:18","2009-12-28 12:07:18",false,,,,,,,,,,,,,,
174695000000061138,"reinier bakker",174695000000034001,,Concordo,"+41 22 700 7810",www.concordo.com,,,,www.concordo.com,,,,,"Small/Medium Enterprise",5,1000000.0,0,"reinier bakker",174695000000034001,"reinier bakker",174695000000034001,"2009-12-28 12:21:39","2009-12-29 12:28:22",false,,,,,,,,,,,,,,
174695000000061146,"reinier bakker",174695000000034001,,"Wade & Company","+41 21 784 3303",,,,,www.wadeandco.com,,,Prospect,Private,"Small/Medium Enterprise",0,200000.0,0,"reinier bakker",174695000000034001,"reinier bakker",174695000000034001,"2009-12-28 12:28:25","2009-12-28 12:32:46",false,,,,,,,,,,,,,,
174695000000065003,"reinier bakker",174695000000034001,,Expatica,"+41 44 586 1178",,,,,www.expatica.com,,,Customer,,"Small/Medium Enterprise",0,0.0,0,"reinier bakker",174695000000034001,"reinier bakker",174695000000034001,"2009-12-28 16:06:12","2009-12-29 14:34:42",false,,,,,,,,,,,,,,
174695000000065009,"reinier bakker",174695000000034001,,Consultants,,,,,,,,,,,,0,100000.0,0,"reinier bakker",174695000000034001,billmorrison,174695000000033001,"2009-12-28 16:09:24","2010-01-19 12:45:59",false,,,,,,,,,,,,,,
174695000000065029,"reinier bakker",174695000000034001,,Eaton,"+41 21 811 4667",,,,,www.eaton.com,,,Prospect,,"Large Enterprise",0,1.0E10,0,"reinier bakker",174695000000034001,"reinier bakker",174695000000034001,"2009-12-29 11:43:03","2009-12-29 11:45:53",false,,,,,"Route de la Longeraie 7",,Morges,,,,CH-1110,,Switzerland,
174695000000065035,"reinier bakker",174695000000034001,,"Aisapack / SIH group SA","+41 24 4820 600",,,,,www.aisapack.com,,,Prospect,,"Small/Medium Enterprise",0,1.0E8,0,"reinier bakker",174695000000034001,"reinier bakker",174695000000034001,"2009-12-29 12:03:51","2009-12-29 12:14:44",false,,,,,,,Vouvry,,,,CH-1896,,Switzerland,
174695000000065047,"reinier bakker",174695000000034001,,Nidera,"+41 21 637 7200",,,,,www.nidera.com,,,Prospect,,"Large Enterprise",0,1.0E9,0,"reinier bakker",174695000000034001,"reinier bakker",174695000000034001,"2009-12-29 12:21:45","2009-12-29 12:26:07",false,,,,,"Av des Baumettes 7",,Renens,,,,CH-1020,,Switzerland,
174695000000065059,"reinier bakker",174695000000034001,,"Du Pont de Nemours International SA","+41 22 717 5111",,,,,www.dupont.com,,,Prospect,,"Large Enterprise",0,5.0E10,0,"reinier bakker",174695000000034001,"reinier bakker",174695000000034001,"2009-12-29 12:33:17","2010-01-05 14:25:35",false,,,,,"Chemin du Pavillon2",,"Le Grand-Saconnex",,,,CH-1218,,Switzerland,
174695000000065067,"reinier bakker",174695000000034001,,BCGE,"+41 58 211 2100",,,,,www.bcge.ch,,,,,,0,0.0,0,"reinier bakker",174695000000034001,"reinier bakker",174695000000034001,"2009-12-29 12:47:41","2009-12-29 12:47:41",false,,,,,"CP 2251",,"Geneva 2",,,,CH-1211,,Switzerland,
174695000000066001,"reinier bakker",174695000000034001,,"Swisscom Hospitality Services","+41 22 740 7500",,,,,www.swissscom.com,,,Prospect,,"Large Enterprise",0,0.0,0,"reinier bakker",174695000000034001,"reinier bakker",174695000000034001,"2009-12-29 14:26:29","2009-12-29 14:26:29",false,,,,,,,Geneva,,,,,,,
174695000000069003,"reinier bakker",174695000000034001,,"M.I.T Micro Informatique & Technologies SA",+41213188181,,+41213188199,,,www.credoc.com,,,Prospect,Private,"Small/Medium Enterprise",15,2000000.0,0,"reinier bakker",174695000000034001,"reinier bakker",174695000000034001,"2010-01-05 13:42:24","2010-01-05 13:45:08",false,,,,,"Rue de l´industrie 58",,Bussigny-Lausanne,,VD,,CH-1030,,Switzerland,
174695000000070009,billmorrison,174695000000033001,,Firmenich,,,,,,,0,,Prospect,,"Industrial production",0,0.0,0,billmorrison,174695000000033001,billmorrison,174695000000033001,"2010-01-07 10:54:27","2010-01-07 11:20:37",true,,,,,,,,,,,,,,"World's largest scent and flavour producer."
174695000000071005,billmorrison,174695000000033001,,Bozzo,,,,,,,0,,,,,0,0.0,0,billmorrison,174695000000033001,billmorrison,174695000000033001,"2010-01-06 13:51:35","2010-01-06 13:51:35",false,,,,,,,,,,,,,,
174695000000071036,"reinier bakker",174695000000034001,,"Wegelin & Co","+41 21 313 26 14",,,,,www.wegelin.ch,,,,,,0,0.0,0,"reinier bakker",174695000000034001,"reinier bakker",174695000000034001,"2010-01-11 14:25:51","2010-01-11 14:31:05",false,,,,,"Av. du Theatre 1",,Lausanne,,VD,,CH-1001,,Switzerland,
174695000000071046,"reinier bakker",174695000000034001,,"The Magic Pencil","+41 21 811 37 37",,,,,www.tmp.ch,,,Prospect,,"Small/Medium Enterprise",0,0.0,0,"reinier bakker",174695000000034001,"reinier bakker",174695000000034001,"2010-01-11 14:30:27","2010-01-11 14:30:27",false,,,,,"Rue du Lac 12",,"Lausanne 6",,VD,,CH-1000,,Switzerland,
174695000000071069,billmorrison,174695000000033001,,"Carnegie Fund Services SA","+41 22 705 1177",,,,,,0,,,,,0,0.0,0,billmorrison,174695000000033001,billmorrison,174695000000033001,"2010-01-12 12:46:16","2010-05-11 16:00:43",false,,,,"11 Rue de General-Dufour 1204 Geneva",,,,,,,,,,"Sandler Brief"
174695000000072015,billmorrison,174695000000033001,,"RBS Coutts","022 319 0318",,,,,,0,,,,,0,0.0,0,billmorrison,174695000000033001,billmorrison,174695000000033001,"2010-01-06 15:30:59","2010-01-06 15:30:59",false,,,,"13 Quai de I'lle PO Box 5440 1211 Geneva",,,,,,,,,,"Sandler Brief"
174695000000078001,"reinier bakker",174695000000034001,,"Ramadapark hotels","+41 22 710 30 12",,,,,www.ramadaparkhotel.ch,,,Prospect,,"Small/Medium Enterprise",0,0.0,0,"reinier bakker",174695000000034001,"reinier bakker",174695000000034001,"2010-01-14 14:25:00","2010-01-14 14:27:38",false,,,,,"Av. Louis-Casai 75-77",,Cointrin-Geneva,,GE,,CH-1216,,Switzerland,
174695000000078025,"reinier bakker",174695000000034001,,CISCO,"+41 21 822 16 00",,,,,www.cisco.com,,,Prospect,,"Large Enterprise",0,0.0,0,"reinier bakker",174695000000034001,"reinier bakker",174695000000034001,"2010-01-14 14:53:31","2010-01-14 14:53:31",false,,,,,"Avenue des Uttins 5",,Rolle,,VD,,CH-1180,,Switzerland,
174695000000078031,"reinier bakker",174695000000034001,,"PICTET & CIE","+41 58 323 2323",,,,,www.pictet.com,,,Prospect,,,0,0.0,0,"reinier bakker",174695000000034001,"reinier bakker",174695000000034001,"2010-01-14 14:57:13","2010-01-14 14:57:41",false,,,,,"Route des Acacias 60",,"Geneva 73",,GE,,CH-1211,,Switzerland,
174695000000078037,"reinier bakker",174695000000034001,,CITCO,"+41 22 818 68 19",,,,,,,,Prospect,,,0,0.0,0,"reinier bakker",174695000000034001,"reinier bakker",174695000000034001,"2010-01-14 15:06:14","2010-01-14 15:06:28",false,,,,,"Place Longemalle 1",,Geneva,,GE,,CH-1204,,Switzerland,
174695000000078043,"reinier bakker",174695000000034001,,O-I,"+41 21 703 41 00",,,,,www.o-i.com,,,Prospect,,"Large Enterprise",0,0.0,0,"reinier bakker",174695000000034001,"reinier bakker",174695000000034001,"2010-01-14 15:15:47","2010-01-14 15:15:47",false,,,,,"Route de Buyere 2",,Bussigny-pres-Lausanne,,VD,,CH-1030,,Switzerland,
174695000000079003,billmorrison,174695000000033001,,"Swiss Franchise Asociation","+41 21 802 15 30",http://www.franchiseverband.ch/start_e.asp,,,,,,,,,,0,0.0,0,billmorrison,174695000000033001,billmorrison,174695000000033001,"2010-01-15 09:26:12","2010-01-15 09:26:12",false,,,,"Rue des Vignerons 1A, Case Postale 359",,Morges,,Vaud,,"CH - 1110",,Switzerland,,
174695000000079007,billmorrison,174695000000033001,,franchise.net,,http://www.franchise-net.com/,,,,,,,,,,0,0.0,0,billmorrison,174695000000033001,billmorrison,174695000000033001,"2010-01-15 09:39:22","2010-01-15 09:39:22",false,,,,,,,,,,,,,,"web based franchise broker. Several training and b2b offers."
174695000000079013,billmorrison,174695000000033001,,"European Franchise Consulting",,http://www.franchiseeurope.net/about/index.php?lang=en,,,,,,,,,,0,0.0,0,billmorrison,174695000000033001,billmorrison,174695000000033001,"2010-01-15 09:44:20","2010-01-15 09:44:20",false,,,,,,,,,,,,,,
174695000000084027,billmorrison,174695000000033001,,"avi ram","+41 (78) 618 3793",,,,,,0,,,,,0,0.0,0,billmorrison,174695000000033001,billmorrison,174695000000033001,"2010-01-20 15:15:16","2010-01-20 15:15:16",false,,,,,,,,,,,,,,
174695000000084035,"reinier bakker",174695000000034001,,Ramada,022-7103012,,,,,,0,,,,,0,0.0,0,billmorrison,174695000000033001,billmorrison,174695000000033001,"2010-01-20 15:15:57","2010-01-20 15:15:57",false,,,,,,,,,,,,,,
174695000000084043,billmorrison,174695000000033001,,"British Airways",,,,,,,0,,,,,0,0.0,0,billmorrison,174695000000033001,billmorrison,174695000000033001,"2010-01-20 15:16:29","2010-06-25 13:21:15",true,,,,,,,,,,,,,,
174695000000084059,"karen pink",174695000000033416,,"Hotel de la Paix","022 909 6000",,,,,,0,,,,,0,0.0,0,billmorrison,174695000000033001,billmorrison,174695000000033001,"2010-01-20 15:17:19","2010-01-20 15:17:19",false,,,,"11 Quai de Mont-Blanc",,"Geneva 1",,,,1211,,Switzerland,,
174695000000084075,billmorrison,174695000000033001,,"UK Mission Geneva","022 918 2417",,,,,,0,,,,,0,0.0,0,billmorrison,174695000000033001,billmorrison,174695000000033001,"2010-01-20 15:19:25","2010-01-20 15:19:25",false,,,,"58 Avenue Louis Casai CP 6 1216 Cointrin",,,,,,,,,,"Sandler Brief"
174695000000084083,billmorrison,174695000000033001,,SSAP,"+14 22 310 82 02",,,,,,0,,,,,0,0.0,0,billmorrison,174695000000033001,billmorrison,174695000000033001,"2010-01-20 15:20:13","2010-01-20 15:20:13",false,,,,"Place Chevelu 6, PO Box 2048, 1211 Geneva",,,,,,,,,,"Sandler Brief"
174695000000084099,billmorrison,174695000000033001,,Orange,,,,,,,0,,,,,0,0.0,0,billmorrison,174695000000033001,billmorrison,174695000000033001,"2010-01-20 15:21:23","2010-01-20 15:21:23",false,,,,,,,,,,,,,,
174695000000084107,billmorrison,174695000000033001,,"New Pace","021 601 02 49",,,,,,0,,,,,0,0.0,0,billmorrison,174695000000033001,billmorrison,174695000000033001,"2010-01-20 15:22:11","2010-01-20 15:22:11",false,,,,"CP 147, CH-1000, Lausanne 3",,,,,,,,,,"Sandler Brief"
174695000000085015,billmorrison,174695000000033001,,"Career Harmony",,,,,,,0,,,,,0,0.0,0,billmorrison,174695000000033001,billmorrison,174695000000033001,"2010-01-22 13:41:25","2010-01-22 13:46:01",false,,,,,,,,,,,,,,
174695000000085023,billmorrison,174695000000033001,,ORiordan,,,,,,,0,,,,,0,0.0,0,billmorrison,174695000000033001,billmorrison,174695000000033001,"2010-01-22 13:49:19","2010-01-22 13:49:19",false,,,,,,,,,,,,,,
174695000000086001,"reinier bakker",174695000000034001,,Kempinski,"022-809 88 88",,,,,www.kempinski.com,,,,,"Large Enterprise",0,0.0,0,"reinier bakker",174695000000034001,"reinier bakker",174695000000034001,"2010-01-25 12:13:52","2010-01-25 12:13:52",false,,,,,"Bvd du Pont d'Arve 28",,Geneva,,,,CH-1205,,Switzerland,
174695000000086015,billmorrison,174695000000033001,,"Dorotea Brandin Coaching","022 732 7172",,,,,,0,,,,,0,0.0,0,billmorrison,174695000000033001,billmorrison,174695000000033001,"2010-01-28 15:33:04","2010-01-28 15:33:04",false,,,,"Rue Leschot 11 1205 Geneva",,,,,,,,,,"Sandler Brief"
174695000000086037,billmorrison,174695000000033001,,"Bombardier Recreational Products BRP","+41 21 318 78 00",,,,,,0,,,,,0,0.0,0,billmorrison,174695000000033001,billmorrison,174695000000033001,"2010-01-29 13:30:08","2010-07-15 10:49:14",false,,,,"Ch. de Messidor 5-7",,"1005 Lausanne",,,,,,Switzerland,,"Makers of Ski-do and Jet skis as well as outboard engines. Adopting US based sales methodology into fairly traditional sales tean who sell through distributors."
174695000000088011,billmorrison,174695000000033001,,Zisu,"022 7432293",,,,,,0,,,,,0,0.0,0,billmorrison,174695000000033001,billmorrison,174695000000033001,"2010-01-26 19:04:40","2010-01-26 19:04:40",false,,,,,,,,,,,,,,
174695000000088089,billmorrison,174695000000033001,,"Corporate Training","044 214 67 28",,,,,,0,,,,,0,0.0,0,billmorrison,174695000000033001,billmorrison,174695000000033001,"2010-01-26 19:30:56","2010-01-26 19:30:56",false,,,,"Bahnhofstr. 52 8001 Zürich SWITZERLAND",,,,,,,,,,"Sandler Brief"
174695000000092003,billmorrison,174695000000033001,,EMT,,,,,,,0,,,,,0,0.0,0,billmorrison,174695000000033001,billmorrison,174695000000033001,"2010-02-10 08:32:51","2010-02-10 08:32:51",false,,,,,,,,,,,,,,
174695000000093001,"reinier bakker",174695000000034001,,TMF-Group,,,,,,,0,,,,,0,0.0,0,"reinier bakker",174695000000034001,"reinier bakker",174695000000034001,"2010-02-08 09:52:29","2010-02-08 09:52:29",false,,,,,,,,,,,,,,
174695000000094001,billmorrison,174695000000033001,,"CTP Consulting",,,,,,http://www.ctpconsulting.com/,0,,,,,0,0.0,0,billmorrison,174695000000033001,billmorrison,174695000000033001,"2010-02-09 16:46:58","2010-02-09 16:51:13",false,,,,,,,,,,,,,,"IT consulting firm focusing on start up and high growth firms. Also Angel Investor"
174695000000100007,billmorrison,174695000000033001,,"swisspartners Investment Network SA",,,,,,,0,,,,,0,0.0,0,billmorrison,174695000000033001,billmorrison,174695000000033001,"2010-02-19 12:57:59","2010-02-19 12:57:59",false,,,,,,,,,,,,,,
174695000000100021,billmorrison,174695000000033001,,"Lutz & Partners","022 960 7050",,,,,http://www.lutzpartners.com/index.php?module=pagesetter&func=viewpub&tid=4&pid=1,0,,,,,0,0.0,0,billmorrison,174695000000033001,billmorrison,174695000000033001,"2010-02-19 13:05:34","2010-05-05 08:11:04",false,,,,"Chemin des Couleuvres 8b",,"1295 Tannay",,,,,,,,"Exec headhunter  -international community focus."
174695000000100031,billmorrison,174695000000033001,,ABCYS,,,,,,,0,,,,,0,0.0,0,billmorrison,174695000000033001,billmorrison,174695000000033001,"2010-02-19 13:18:04","2010-02-19 13:18:04",false,,,,,,,,,,,,,,
174695000000104005,"karen pink",174695000000033416,,"BCV Private Banking",,,,,,,0,,,,,0,0.0,0,"karen pink",174695000000033416,"karen pink",174695000000033416,"2010-03-02 10:53:29","2010-03-02 10:53:29",false,,,,,,,,,,,,,,
174695000000105007,billmorrison,174695000000033001,,"Allegro Development",,,,,,http://www.allegrodev.com/,0,,,,"Large Enterprise",0,0.0,0,billmorrison,174695000000033001,billmorrison,174695000000033001,"2010-03-02 11:38:08","2010-03-02 11:38:08",false,,,,,,,,,,,,,,
174695000000109003,billmorrison,174695000000033001,,"Bobst SA","021 621 21 11",,,,,,0,,,,,0,0.0,0,billmorrison,174695000000033001,billmorrison,174695000000033001,"2010-03-05 11:19:24","2010-03-05 11:20:38",false,,,,"route des Flumeaux 50, 1008 Prilly",,,,,,,,,,
174695000000111013,billmorrison,174695000000033001,,"Media Training","079 364 42 44",,,,,,0,,,,,0,0.0,0,billmorrison,174695000000033001,billmorrison,174695000000033001,"2010-03-09 13:39:04","2010-03-09 13:39:23",false,,,,,,,,,,,,,,"Sandler Brief"
174695000000111021,billmorrison,174695000000033001,,Yahoo!,"021 831 5000",,,,,,0,,,,,0,0.0,0,billmorrison,174695000000033001,billmorrison,174695000000033001,"2010-03-09 13:40:13","2010-03-09 13:40:13",false,,,,"Route de l'Eltraz 4b 1180 Rolle",,,,,,,,,,
174695000000113001,"karen pink",174695000000033416,,"Northfield Information Services UK Ltd",,,,,,,0,,,,,0,0.0,0,"karen pink",174695000000033416,"karen pink",174695000000033416,"2010-03-16 11:24:59","2010-03-16 11:24:59",false,,,,,,,,,,,,,,
174695000000113009,billmorrison,174695000000033001,Acquired,"Eden Springs","0800 805 000",,,,,www.edensprings.ch,0,,Prospect,Private,"Large Enterprise",0,0.0,0,billmorrison,174695000000033001,billmorrison,174695000000033001,"2010-03-16 11:32:37","2010-07-01 09:33:17",true,,,"Sales development programme: DEVINE","Zi. Le Trési 9,",,"Préverenges 1028",,Vaud,,,,Switzerland,,
174695000000113017,"karen pink",174695000000033416,,Kites,,,,,,,0,,,,,0,0.0,0,"karen pink",174695000000033416,"karen pink",174695000000033416,"2010-03-16 11:37:35","2010-03-16 11:37:35",false,,,,,,,,,,,,,,
174695000000113023,"karen pink",174695000000033416,,Cern,,,,,,,0,,,,,0,0.0,0,"karen pink",174695000000033416,"karen pink",174695000000033416,"2010-03-16 12:02:13","2010-03-16 12:02:13",false,,,,,,,,,,,,,,
174695000000115003,billmorrison,174695000000033001,,Haws,"034 420 6000",,"034 420 6001",,,www.axionmsr.com,0,,,,,0,0.0,0,billmorrison,174695000000033001,billmorrison,174695000000033001,"2010-03-17 13:57:45","2010-03-17 13:57:45",false,,,,,,,,,,,,,,
174695000000116001,billmorrison,174695000000033001,,Dev,,,,,,,0,,,,,0,0.0,0,billmorrison,174695000000033001,billmorrison,174695000000033001,"2010-03-18 13:59:52","2010-03-18 13:59:52",false,,,,,,,,,,,,,,
174695000000117011,"reinier bakker",174695000000034001,,BCV,,,,,,www.bcv.ch,,,,,"Large Enterprise",0,0.0,0,"reinier bakker",174695000000034001,"reinier bakker",174695000000034001,"2010-03-18 15:28:02","2010-03-18 15:28:02",false,,,,,"Place St Francois 14",,lAUSANNE,,,,,,,
174695000000117023,"reinier bakker",174695000000034001,,"Wall Street Institute","021 614 6614",,,,,www.wsi.ch,,,,,,0,0.0,0,"reinier bakker",174695000000034001,"reinier bakker",174695000000034001,"2010-03-18 15:32:33","2010-03-18 15:32:33",false,,,,,"Rue du Simplon 34",,Lausanne,,,,,,,
174695000000118009,billmorrison,174695000000033001,,"Caversham SA","+41 22 736 5760",,,,,,0,,,,,0,0.0,0,"karen pink",174695000000033416,"karen pink",174695000000033416,"2010-03-19 11:56:29","2010-03-19 11:56:29",false,,,,"PO Box 6193 1207 Geneva",,,,,,,,,,"Sandler Brief"
174695000000118015,"karen pink",174695000000033416,,"Bonmont Energy",,,,,,,0,,,,,0,0.0,0,"karen pink",174695000000033416,"karen pink",174695000000033416,"2010-03-19 12:06:20","2010-03-19 12:06:20",false,,,,,,,,,,,,,,
174695000000118019,"karen pink",174695000000033416,,"Infinite Consulting Sarl",,,,,,,0,,,,,0,0.0,0,"karen pink",174695000000033416,"karen pink",174695000000033416,"2010-03-19 12:09:03","2010-03-19 12:09:03",false,,,,,,,,,,,,,,
174695000000118023,"karen pink",174695000000033416,,"Executives International",,,,,,,0,,,,,0,0.0,0,"karen pink",174695000000033416,"karen pink",174695000000033416,"2010-03-19 12:11:27","2010-03-19 12:11:27",false,,,,,,,,,,,,,,
174695000000118029,"karen pink",174695000000033416,,+91,,,,,,,0,,,,,0,0.0,0,"karen pink",174695000000033416,"karen pink",174695000000033416,"2010-03-19 12:13:46","2010-03-19 12:13:46",false,,,,,,,,,,,,,,
174695000000118043,billmorrison,174695000000033001,,"Zidao Communication","+41 21 806 3800",genevalunch.com,,,,,0,,,,,0,0.0,0,"karen pink",174695000000033416,billmorrison,174695000000033001,"2010-03-19 12:18:32","2010-07-27 11:13:05",false,,,,,,,,,,,,,,http://genevalunch.com/
174695000000118047,"karen pink",174695000000033416,,SpeedLingua,,,,,,,0,,,,,0,0.0,0,"karen pink",174695000000033416,"karen pink",174695000000033416,"2010-03-19 12:20:58","2010-03-19 12:20:58",false,,,,,,,,,,,,,,
174695000000118053,"karen pink",174695000000033416,,DEV,,,,,,,0,,,,,0,0.0,0,"karen pink",174695000000033416,"karen pink",174695000000033416,"2010-03-19 12:24:55","2010-03-19 12:24:55",false,,,,,,,,,,,,,,
174695000000118057,billmorrison,174695000000033001,,"Simply Zest!",,,,,,,0,,,,,0,0.0,0,"karen pink",174695000000033416,billmorrison,174695000000033001,"2010-03-19 12:26:31","2010-06-04 13:29:36",false,,,,,,,,,,,,,,
174695000000118067,"karen pink",174695000000033416,,"Inifinite Consulting",,,,,,,0,,,,,0,0.0,0,"karen pink",174695000000033416,"karen pink",174695000000033416,"2010-03-19 12:37:30","2010-03-19 12:37:30",false,,,,,,,,,,,,,,
174695000000118073,"karen pink",174695000000033416,,Invenzyme,,,,,,,0,,,,,0,0.0,0,"karen pink",174695000000033416,"karen pink",174695000000033416,"2010-03-19 12:41:07","2010-03-19 12:41:07",false,,,,,,,,,,,,,,
174695000000118077,"karen pink",174695000000033416,,"Noble Resources SA",,,,,,,0,,,,,0,0.0,0,"karen pink",174695000000033416,"karen pink",174695000000033416,"2010-03-19 12:43:27","2010-03-19 12:43:27",false,,,,,,,,,,,,,,
174695000000118099,billmorrison,174695000000033001,,"Blackden Financial","+41 (0) 78 814 6431",,,,,,0,,,,,0,0.0,0,"karen pink",174695000000033416,"karen pink",174695000000033416,"2010-03-19 12:55:35","2010-03-19 12:55:35",false,,,,"Route de Suisse 25",,Versoix,,Vaud,,1290,,Switzerland,,
174695000000119007,billmorrison,174695000000033001,,"Compagnie Financiere Richemont SA","+41 22 721 3500",,,,,,0,,,,,0,0.0,0,"karen pink",174695000000033416,"karen pink",174695000000033416,"2010-03-19 16:04:36","2010-03-19 16:04:36",false,,,,"50 Chemin de la Chenaie 1293 Bellevue Geneva",,,,,,,,,,
174695000000119015,billmorrison,174695000000033001,,"Highland Star (Suisse) LLC","+41 22 591 1901",,,,,,0,,,,,0,0.0,0,"karen pink",174695000000033416,"karen pink",174695000000033416,"2010-03-19 16:05:07","2010-03-19 16:05:07",false,,,,"Rue du Rhône 56 1204 Geneva SWITZERLAND",,,,,,,,,,"No longer works at Highland Star (email dated 7Dec09)"
174695000000119023,billmorrison,174695000000033001,,"Imcopipes Ltd","+41 21 799 2376",,,,,,0,,,,,0,0.0,0,"karen pink",174695000000033416,"karen pink",174695000000033416,"2010-03-19 16:05:53","2010-03-19 16:05:53",false,,,,"12, Rte de Lausanne 1096 Cully SWITZERLAND",,,,,,,,,,"Sandler Brief"
174695000000119031,billmorrison,174695000000033001,,"Andrea Hemsted","0033 (0)450 28 34 40",,,,,,0,,,,,0,0.0,0,"karen pink",174695000000033416,"karen pink",174695000000033416,"2010-03-19 16:06:16","2010-03-19 16:06:16",false,,,,"384 Rue St.Denis 01170 Cessy France",,,,,,,,,,"Sandler Brief"
174695000000119039,billmorrison,174695000000033001,,"Activideo Formation SA","022 776 12 24",,,,,,0,,,,,0,0.0,0,"karen pink",174695000000033416,"karen pink",174695000000033416,"2010-03-19 16:06:47","2010-03-19 16:06:47",false,,,,"Ch. Du Parc 7 1297 Founex",,,,,,,,,,
174695000000119047,billmorrison,174695000000033001,,"Corazon Capital (Suisse) SA","+41 22 715 1459",,,,,,0,,,,,0,0.0,0,"karen pink",174695000000033416,"karen pink",174695000000033416,"2010-03-19 16:07:10","2010-03-19 16:07:10",false,,,,"Quai des Bergues 29 1211 Geneva",,,,,,,,,,
174695000000119055,billmorrison,174695000000033001,,"Charles Russell LLP ","+41 22 819 1768 ",,,,,,0,,,,,0,0.0,0,"karen pink",174695000000033416,"karen pink",174695000000033416,"2010-03-19 16:07:37","2010-03-19 16:07:37",false,,,,"14 Rue du Rhone 1204 Geneva",,,,,,,,,,
174695000000119063,billmorrison,174695000000033001,,"CB Richard-Ellis - PI Performance","+21 22 322 8060",,,,,,0,,,,,0,0.0,0,"karen pink",174695000000033416,"karen pink",174695000000033416,"2010-03-19 16:08:29","2010-03-19 16:08:29",false,,,,"33 Rue des Bains 1205 Geneva",,,,,,,,,,
174695000000119071,billmorrison,174695000000033001,,"Integware Inc","(970) 488-3332",,,,,,0,,,,,0,0.0,0,"karen pink",174695000000033416,"karen pink",174695000000033416,"2010-03-19 16:08:50","2010-03-19 16:08:50",false,,,,,,,,,,,,,,"From John Harwell

1612 Specht Point Dr., Ste 101

Ft Collins, CO 80525"
174695000000119079,billmorrison,174695000000033001,,"Carne Group (Switzerland)","+41 22 322 9501",,,,,,0,,,,,0,0.0,0,"karen pink",174695000000033416,"karen pink",174695000000033416,"2010-03-19 16:09:20","2010-03-19 16:09:20",false,,,,"22 Rue du General-Dufour PO Box 423 1211 Geneva",,,,,,,,,,"Sandler Brief"
174695000000119087,billmorrison,174695000000033001,,"Albourne Partners Ltd","022 752 4134",http://www.albourne.com/,,,,,0,,,,,0,0.0,0,"karen pink",174695000000033416,billmorrison,174695000000033001,"2010-03-19 16:09:53","2010-06-29 10:22:20",false,,,,"CP 165 1222 Vesenaz",,,,,,,,,,
174695000000119095,billmorrison,174695000000033001,,"Close Summit Trust Company SA","+41 22 707 8399",,,,,,0,,,,,0,0.0,0,"karen pink",174695000000033416,"karen pink",174695000000033416,"2010-03-19 16:10:13","2010-03-19 16:10:13",false,,,,"6 Place de Eaux-Vives 1207 Geneva",,,,,,,,,,"Sandler Brief"
174695000000119111,billmorrison,174695000000033001,,"Budin & Partners","022 818 0808",,,,,,0,,,,,0,0.0,0,"karen pink",174695000000033416,"karen pink",174695000000033416,"2010-03-19 16:10:56","2010-03-19 16:10:56",false,,,,"Rue Jean-Senebier 20 1211 Geneva",,,,,,,,,,
174695000000119119,billmorrison,174695000000033001,,Autociel,"021 796 3734",,,,,,0,,,,,0,0.0,0,"karen pink",174695000000033416,"karen pink",174695000000033416,"2010-03-19 16:11:20","2010-03-19 16:11:20",false,,,,"Rte. De la Conversion 261 1093 La Conversion",,,,,,,,,,
174695000000119127,billmorrison,174695000000033001,,"Henry Harsch HH SA","+41 22 300 43 00",,,,,,0,,,,,0,0.0,0,"karen pink",174695000000033416,"karen pink",174695000000033416,"2010-03-19 16:11:51","2010-03-19 16:11:51",false,,,,"10 Rue Baylon 1227 Carouge,Geneva",,,,,,,,,,"Sandler Brief"
174695000000119137,billmorrison,174695000000033001,,Infostreams,"+31 (0)6 219 033 86",,,,,,0,,,,,0,0.0,0,"karen pink",174695000000033416,"karen pink",174695000000033416,"2010-03-19 16:14:08","2010-03-19 16:14:08",false,,,,-,,,,,,,,,,"Sandler Brief"
174695000000119145,billmorrison,174695000000033001,,"Elaine Kassanos","+41 76 330 4331",,,,,,0,,,,,0,0.0,0,"karen pink",174695000000033416,"karen pink",174695000000033416,"2010-03-19 16:14:28","2010-03-19 16:14:28",false,,,,"1 rue de Lyon 1201 Geneva SWITZERLAND",,,,,,,,,,"Sandler Brief"
174695000000119153,billmorrison,174695000000033001,,"International University in Geneva","+41 22 710 71 10",,,,,,0,,,,,0,0.0,0,"karen pink",174695000000033416,"karen pink",174695000000033416,"2010-03-19 16:15:15","2010-03-19 16:15:15",false,,,,"20, Rte de Pré-Bois 1215 Geneva 15 SWITZERLAND",,,,,,,,,,"Sandler Brief"
174695000000119161,billmorrison,174695000000033001,,"Carrard & Associates","+41 21 349 1919",,,,,,0,,,,,0,0.0,0,"karen pink",174695000000033416,"karen pink",174695000000033416,"2010-03-19 16:15:43","2010-03-19 16:15:43",false,,,,"Place St. Francois 1 Case Postale 7191 1003 Lausanne",,,,,,,,,,
174695000000119169,billmorrison,174695000000033001,,"Collins Stewart Wealth","+41 22 707 0080",,,,,,0,,,,,0,0.0,0,"karen pink",174695000000033416,"karen pink",174695000000033416,"2010-03-19 16:17:51","2010-03-19 16:17:51",false,,,,"7 Avenue Pictet-de-Rochement 1207 Geneva",,,,,,,,,,
174695000000119177,billmorrison,174695000000033001,,"Creidt Agricole (Suisse) SA","+41 58 321 9347",,,,,,0,,,,,0,0.0,0,"karen pink",174695000000033416,"karen pink",174695000000033416,"2010-03-19 16:18:11","2010-03-19 16:18:11",false,,,,"4 Quai General Guisan 1211 Geneva",,,,,,,,,,
174695000000119185,billmorrison,174695000000033001,,Celgene,327298500,,,,,,0,,,,,0,0.0,0,"karen pink",174695000000033416,"karen pink",174695000000033416,"2010-03-19 16:18:36","2010-03-19 16:18:36",false,,,,"route des Perreux 1, 2017 Boudry",,,,,,,,,,"Sandler Brief"
174695000000119193,billmorrison,174695000000033001,,"Enterprise Governance Partners Sàrl","+41 22 784 07 32",,,,,,0,,,,,0,0.0,0,"karen pink",174695000000033416,"karen pink",174695000000033416,"2010-03-19 16:18:57","2010-03-19 16:18:57",false,,,,"22, chemin Clé des Champs 1234 Vessy SWITZERLAND",,,,,,,,,,
174695000000119201,billmorrison,174695000000033001,,"Clariden Leu SA","+41 22 318 8232",,,,,,0,,,,,0,0.0,0,"karen pink",174695000000033416,"karen pink",174695000000033416,"2010-03-19 16:19:15","2010-03-19 16:19:15",false,,,,"1 Quai du Mont Blanc 1211 Geneva",,,,,,,,,,
174695000000119209,billmorrison,174695000000033001,,"BT Switzerland Ltd","044 543 2111",,,,,,0,,,,,0,0.0,0,"karen pink",174695000000033416,"karen pink",174695000000033416,"2010-03-19 16:20:09","2010-03-19 16:20:09",false,,,,"Rte. De Pre-Bois 20 1215 Geneva 15",,,,,,,,,,"Sandler Brief"
174695000000119217,billmorrison,174695000000033001,,"Abbaye Management & Consulting SA","032 835 2710",,,,,,0,,,,,0,0.0,0,"karen pink",174695000000033416,"karen pink",174695000000033416,"2010-03-19 16:20:43","2010-03-19 16:20:43",false,,,,"PO Box 11 2023 Gorgier",,,,,,,,,,"Sandler Brief"
174695000000119225,billmorrison,174695000000033001,,"Global Commodities Group, C/O AgriNews","+41 22 329 45 48",,,,,,0,,,,,0,0.0,0,"karen pink",174695000000033416,"karen pink",174695000000033416,"2010-03-19 16:21:06","2010-03-19 16:21:06",false,,,,"Boulevard de Saint Georges 72 1205 Geneva SWITZERLAND",,,,,,,,,,"Sandler Brief"
174695000000119233,billmorrison,174695000000033001,,open-net,"021 625 3575",,,,,www.open-net.ch,0,,,,,0,0.0,0,"karen pink",174695000000033416,"karen pink",174695000000033416,"2010-03-19 16:21:25","2010-03-19 16:21:25",false,,,,"Chemin de la Lande 1",,Prilly,,Vaud,,1008,,Switzerland,,
174695000000119241,billmorrison,174695000000033001,,"Davies Johnson & Co, Geneva Branch","022 310 2754",,,,,,0,,,,,0,0.0,0,"karen pink",174695000000033416,"karen pink",174695000000033416,"2010-03-19 16:21:50","2010-03-19 16:21:50",false,,,,"Pl. du Bourg de four 25 1204 Geneva",,,,,,,,,,"international shipping and trading company, run lots of seminarsnd drinks events"
174695000000119265,billmorrison,174695000000033001,,"KPMG AG","+41 22 704 15 15",,"+41 44 249 31 31",,,http://www.kpmg.ch/WhoWeAre/8563.htm,0,,,,,0,0.0,0,"karen pink",174695000000033416,billmorrison,174695000000033001,"2010-03-19 16:22:47","2010-05-12 12:48:55",false,,,,"14, chemin De-Normandie 1211 Geneva 12 SWITZERLAND",,,,,,,,,,
174695000000119273,billmorrison,174695000000033001,,"John Tinsley","+41 22 733 43 35",,,,,,0,,,,,0,0.0,0,"karen pink",174695000000033416,"karen pink",174695000000033416,"2010-03-19 16:23:04","2010-03-19 16:23:04",false,,,,"5, rue de l'orangerie 1202 Geneva SWITZERLAND",,,,,,,,,,
174695000000119281,billmorrison,174695000000033001,,Multiplicity,"022 349 4617",,,,,,0,,,,,0,0.0,0,"karen pink",174695000000033416,"karen pink",174695000000033416,"2010-03-19 16:23:59","2010-03-19 16:23:59",false,,,,"7 Parc Dinu-Lapatti 1225 Chêne Bourg",,,,,,,,,,"Sandler Brief"
174695000000119289,billmorrison,174695000000033001,,"Kelly Logan","021 311 6084",,,,,,0,,,,,0,0.0,0,"karen pink",174695000000033416,"karen pink",174695000000033416,"2010-03-19 16:24:34","2010-03-19 16:24:34",false,,,,"12 Av. Montagibert 1005 Lausanne",,,,,,,,,,"Sandler Brief"
174695000000119297,billmorrison,174695000000033001,,"Chambre vaudoise","021 613 3668",,,,,,0,,,,,0,0.0,0,"karen pink",174695000000033416,"karen pink",174695000000033416,"2010-03-19 16:25:04","2010-03-19 16:25:04",false,,,,"Ave d'Ouchy 47 CP315 1001 Lausanne",,,,,,,,,,"Sandler Brief"
174695000000119305,billmorrison,174695000000033001,,"IT Globals Solutions SA","022 5501921",,,,,www.globasl-solutions.ch,0,,,,,0,0.0,0,"karen pink",174695000000033416,"karen pink",174695000000033416,"2010-03-19 16:25:25","2010-03-19 16:25:25",false,,,,"Chemin de Terre Bonne 1",,Nyon-Eysins,,,,1262,,Switzerland,,
174695000000119313,billmorrison,174695000000033001,,"Human Shareware","+41 798 500544",,,,,,0,,,,,0,0.0,0,"karen pink",174695000000033416,"karen pink",174695000000033416,"2010-03-19 16:25:43","2010-03-19 16:25:43",false,,,,,,,,,,,,,,"Sandler Brief"
174695000000119321,billmorrison,174695000000033001,,Ecodigerati,,,,,,,0,,,,,0,0.0,0,"karen pink",174695000000033416,"karen pink",174695000000033416,"2010-03-19 16:26:02","2010-03-19 16:26:02",false,,,,Vevey,,,,,,,,,,"Sandler Brief"
174695000000119329,billmorrison,174695000000033001,,Compass,"022 735 6265",,,,,,0,,,,,0,0.0,0,"karen pink",174695000000033416,"karen pink",174695000000033416,"2010-03-19 16:26:26","2010-03-19 16:26:26",false,,,,"23 Ch. Des Tulipiers 1208 Geneva",,,,,,,,,,
174695000000119337,billmorrison,174695000000033001,,"Aiglon College","024 496 6176",,,,,,0,,,,,0,0.0,0,"karen pink",174695000000033416,"karen pink",174695000000033416,"2010-03-19 16:27:10","2010-03-19 16:27:10",false,,,,"Rue Centrale 1885 Chesieres-Villars",,,,,,,,,,
174695000000119345,billmorrison,174695000000033001,,"Hogan & Hartson LLP","+41 22 787 40 58",,,,,,0,,,,,0,0.0,0,"karen pink",174695000000033416,"karen pink",174695000000033416,"2010-03-19 16:27:27","2010-03-19 16:27:27",false,,,,"rue Francoise Bellot 3 1206 Geneva SWITZERLAND",,,,,,,,,,
174695000000119353,billmorrison,174695000000033001,,ACT,"043 388 0777",,,,,,0,,,,,0,0.0,0,"karen pink",174695000000033416,"karen pink",174695000000033416,"2010-03-19 16:28:10","2010-03-19 16:28:10",false,,,,"Bodengasse 5 CH 8803",,,,,,,,,,"Sandler Brief"
174695000000119361,billmorrison,174695000000033001,,"Gyro International Sarl","022 908 0270",,,,,,0,,,,,0,0.0,0,"karen pink",174695000000033416,"karen pink",174695000000033416,"2010-03-19 16:28:34","2010-03-19 16:28:34",false,,,,"2 Rue Argand 1201 Geneva",,,,,,,,,,
174695000000119369,billmorrison,174695000000033001,,C2you,"+41 21 731 3222",,,,,,0,,,,,0,0.0,0,"karen pink",174695000000033416,"karen pink",174695000000033416,"2010-03-19 16:28:54","2010-03-19 16:28:54",false,,,,"Chemin de Rie 34 1053 Bretigny sur Morrens",,,,,,,,,,
174695000000119377,billmorrison,174695000000033001,,"Geneva Entrepreneur Network",-,,,,,,0,,,,,0,0.0,0,"karen pink",174695000000033416,"karen pink",174695000000033416,"2010-03-19 16:29:17","2010-03-22 13:32:21",false,,,,-,,,,,,,,,,"Sandler Brief"
174695000000119387,billmorrison,174695000000033001,,"Bell Pottinger Switzerland",,,,,,,0,,,,,0,0.0,0,"karen pink",174695000000033416,"karen pink",174695000000033416,"2010-03-19 16:30:02","2010-03-19 16:30:02",false,,,,"Rue du General-Dufor 22 PO Box 423 1211 Geneva",,,,,,,,,,
174695000000119395,billmorrison,174695000000033001,,"Business English Solutions",,,,,,,0,,,,,0,0.0,0,"karen pink",174695000000033416,"karen pink",174695000000033416,"2010-03-19 16:30:21","2010-03-19 16:30:21",false,,,,"Rue de Petit Chene 23 1003 Lausanne",,,,,,,,,,
174695000000119403,billmorrison,174695000000033001,,"Collyer Bristow LLP","+41 22 707 7050",,,,,,0,,,,,0,0.0,0,"karen pink",174695000000033416,"karen pink",174695000000033416,"2010-03-19 16:30:36","2010-03-19 16:30:36",false,,,,"2 Rue Pedro-Meylan 1208 Geneva",,,,,,,,,,
174695000000119411,billmorrison,174695000000033001,,"B2B Travel","022 774 4646",,,,,,0,,,,,0,0.0,0,"karen pink",174695000000033416,"karen pink",174695000000033416,"2010-03-19 16:31:04","2010-03-19 16:31:04",false,,,,"Route de Lausanne 341 1293 Bellevue-Geneva",,,,,,,,,,
174695000000119419,billmorrison,174695000000033001,,"Access Financial Services Sarl","022 365 4620",,,,,,0,,,,,0,0.0,0,"karen pink",174695000000033416,"karen pink",174695000000033416,"2010-03-19 16:31:21","2010-03-19 16:31:21",false,,,,"Rue du Stand 72 1260 Nyon 1",,,,,,,,,,
174695000000119427,billmorrison,174695000000033001,,"English Communications","+41 21 635 1530",,,,,,0,,,,,0,0.0,0,"karen pink",174695000000033416,"karen pink",174695000000033416,"2010-03-19 16:31:56","2010-03-19 16:31:56",false,,,,"62 Ave des Alpes 1023 Crissier SWITZERLAND",,,,,,,,,,
174695000000119435,billmorrison,174695000000033001,,"Dinemec SA","022 354 0154",,,,,,0,,,,,0,0.0,0,"karen pink",174695000000033416,"karen pink",174695000000033416,"2010-03-19 16:32:15","2010-03-19 16:32:15",false,,,,"3 Rue de la Paix 1196 Gland",,,,,,,,,,
174695000000119443,billmorrison,174695000000033001,,"BSL Business School Lausanne","021 619 0606",,,,,,0,,,,,0,0.0,0,"karen pink",174695000000033416,"karen pink",174695000000033416,"2010-03-19 16:32:31","2010-03-19 16:32:31",false,,,,"Av. Dapples 38 1001 Lausanne",,,,,,,,,,
174695000000119451,billmorrison,174695000000033001,,"BTL Services Sarl","022 347 2916",,,,,,0,,,,,0,0.0,0,"karen pink",174695000000033416,"karen pink",174695000000033416,"2010-03-19 16:32:48","2010-03-19 16:32:48",false,,,,"Ch. Beau Soleil 5 1206 Champel",,,,,,,,,,
174695000000119459,billmorrison,174695000000033001,,"CJF SA","+41 22 700 2403",,,,,,0,,,,,0,0.0,0,"karen pink",174695000000033416,"karen pink",174695000000033416,"2010-03-19 16:33:07","2010-03-19 16:33:07",false,,,,"Rue de Jeu de l'Arc 15 1207 Geneva",,,,,,,,,,
174695000000119467,billmorrison,174695000000033001,,"Credit Suisse","+41 22 393 9393",,,,,,0,,,,,0,0.0,0,"karen pink",174695000000033416,"karen pink",174695000000033416,"2010-03-19 16:33:37","2010-03-19 16:33:37",false,,,,"1-3 Rue de la Monnaie 1211 Geneva",,,,,,,,,,
174695000000119475,billmorrison,174695000000033001,,"Liquidware Labs Inc/RS International & Consulting AG",,,,,,,0,,,,,0,0.0,0,"karen pink",174695000000033416,"karen pink",174695000000033416,"2010-03-19 16:34:03","2010-03-19 16:34:03",false,,,,,,,,,,,,,,
174695000000119483,billmorrison,174695000000033001,,"Addex Pharmaceuticals Ltd","022 884 1555",,,,,,0,,,,,0,0.0,0,"karen pink",174695000000033416,"karen pink",174695000000033416,"2010-03-19 16:34:20","2010-03-19 16:34:20",false,,,,"Ch. Des Aulx 12 1228 Plan-Les-Ouates",,,,,,,,,,
174695000000119491,billmorrison,174695000000033001,,"Cohn & Wolfe Public Relations","+41 22 908 4071",,,,,,0,,,,,0,0.0,0,"karen pink",174695000000033416,"karen pink",174695000000033416,"2010-03-19 16:34:41","2010-03-19 16:34:41",false,,,,"1 Rue Lugardon 1201 Geneva",,,,,,,,,,
174695000000119499,billmorrison,174695000000033001,,Bakisoft,,,,,,,0,,,,,0,0.0,0,"karen pink",174695000000033416,"karen pink",174695000000033416,"2010-03-19 16:35:00","2010-03-19 16:35:00",false,,,,,,,,,,,,,,"Sandler Brief"
174695000000119507,billmorrison,174695000000033001,,"3D -> THREE / Medipool Ltd","+41 22 320 21 21",,,,,,0,,,,,0,0.0,0,"karen pink",174695000000033416,"karen pink",174695000000033416,"2010-03-19 16:35:16","2010-03-19 16:35:16",false,,,,"Maison des Associations 15 rue des Savoises 1205 Genève",,,,,,,,,,
174695000000119515,billmorrison,174695000000033001,,"okhoé sa","+41 (0)21 6130313",,,,,,0,,,,,0,0.0,0,"karen pink",174695000000033416,"karen pink",174695000000033416,"2010-03-19 16:35:36","2010-03-19 16:35:36",false,,,,"Bd de Grancy 47. Lausanne Vaud",,,,,,,,,,
174695000000119634,billmorrison,174695000000033001,,"Firmenich SA","022 780 5088",,,,,,0,,,,,0,0.0,0,"karen pink",174695000000033416,"karen pink",174695000000033416,"2010-03-22 13:29:29","2010-03-22 13:29:29",false,,,,,,,,,,,,,,"Referral by John Harwell, Authentiq"
174695000000123001,billmorrison,174695000000033001,,"SatSports Ltd","+44 1202 86 65 89",,,,,,0,,,,,0,0.0,0,billmorrison,174695000000033001,billmorrison,174695000000033001,"2010-03-25 12:35:18","2010-03-25 12:35:18",false,,,,,,,,,,,,,,
174695000000133003,billmorrison,174695000000033001,,Swimupstream,"0041 76 376 6692",,,,,www.swimupstream.ch,0,,,,,0,0.0,0,billmorrison,174695000000033001,"karen pink",174695000000033416,"2010-04-06 10:16:13","2010-04-06 10:23:50",false,,,,"11 Route de Benex",,"CH - 1197 Prangins",,,,,,Switzerland,,
174695000000134001,"karen pink",174695000000033416,,"Scot & Scotch",,,,,,,0,,,,,0,0.0,0,"karen pink",174695000000033416,"karen pink",174695000000033416,"2010-04-06 12:26:30","2010-04-06 12:26:30",false,,,,,,,,,,,,,,
174695000000134005,"karen pink",174695000000033416,,"European Times",,,,,,,0,,,,,0,0.0,0,"karen pink",174695000000033416,"karen pink",174695000000033416,"2010-04-06 12:31:17","2010-04-06 12:31:17",false,,,,,,,,,,,,,,
174695000000134009,"karen pink",174695000000033416,,"Scottish Developen",,,,,,,0,,,,,0,0.0,0,"karen pink",174695000000033416,"karen pink",174695000000033416,"2010-04-06 12:34:16","2010-04-06 12:34:16",false,,,,,,,,,,,,,,
174695000000134013,"karen pink",174695000000033416,,"Scottish Development International",,,,,,,0,,,,,0,0.0,0,"karen pink",174695000000033416,billmorrison,174695000000033001,"2010-04-06 12:37:12","2010-04-15 22:55:00",false,,,,,,,,,,,,,,
174695000000134021,billmorrison,174695000000033001,,BSCC,,,,,,,0,,,,,0,0.0,0,"karen pink",174695000000033416,billmorrison,174695000000033001,"2010-04-06 12:47:01","2010-05-06 10:52:38",false,,,,,,,,,,,,,,
174695000000136003,billmorrison,174695000000033001,,"James River Capital (Suisse) SA","+41 22 703 53 43",,,,,,0,,,,,0,0.0,0,billmorrison,174695000000033001,billmorrison,174695000000033001,"2010-04-09 10:51:52","2010-04-09 10:51:52",false,,,,"2 route de Malagnou 1208 Geneva Switzerland",,,,,,,,,,"Sandler Brief"
174695000000136007,billmorrison,174695000000033001,,"Peak Partners",,,,,,,0,,,,,0,0.0,0,billmorrison,174695000000033001,billmorrison,174695000000033001,"2010-04-09 10:56:41","2010-04-09 10:56:41",false,,,,,,,,,,,,,,
174695000000137027,billmorrison,174695000000033001,Active,CLONE,,,,,,,0,,Customer,Private,"Large Enterprise",12000,0.0,0,billmorrison,174695000000033001,billmorrison,174695000000033001,"2010-04-12 08:22:07","2010-04-12 08:22:07",false,,,,,,,,,,,,,,
174695000000138001,billmorrison,174695000000033001,,"Off the shelf","022 311 1090",,,,,,0,,,,,0,0.0,0,billmorrison,174695000000033001,billmorrison,174695000000033001,"2010-04-12 12:27:29","2010-04-12 12:27:29",false,,,,,,,,,,,,,,"Potentila outlet for Sandler books"
174695000000140005,billmorrison,174695000000033001,,CRPM,"+41 21 320 6617",,,,,,0,,,,,0,0.0,0,billmorrison,174695000000033001,billmorrison,174695000000033001,"2010-04-14 14:39:34","2010-04-14 14:39:34",false,,,,"Avenue Agassiz 5 1003 Lausanne",,,,,,,,,,"Sandler Brief"
174695000000140024,billmorrison,174695000000033001,,"Ventures Worldwide Sarl",+41(0)22/3622990,,,,,,0,,,,,0,0.0,0,billmorrison,174695000000033001,billmorrison,174695000000033001,"2010-04-15 22:51:06","2010-04-15 22:51:06",false,,,,"Chemin du Canal 5 1260 Nyon Vaud",,,,,,,,,,"Sandler Brief"
174695000000140028,billmorrison,174695000000033001,,"Unilabs SA","022 909 7777",,,,,,0,,,,,0,0.0,0,billmorrison,174695000000033001,billmorrison,174695000000033001,"2010-04-15 22:51:57","2010-04-15 22:51:57",false,,,,"Place de Cornavin 12 1201 Geneva",,,,,,,,,,
174695000000140032,billmorrison,174695000000033001,,"Tech Data Corporation","+41 (0)21 6510460",,,,,,0,,,,,0,0.0,0,billmorrison,174695000000033001,billmorrison,174695000000033001,"2010-04-15 22:52:50","2010-04-15 22:52:50",false,,,,,,,,,,,,,,
174695000000140036,billmorrison,174695000000033001,,StreamTheWorld,"+41 (0)21 3310020",,,,,,0,,,,,0,0.0,0,billmorrison,174695000000033001,billmorrison,174695000000033001,"2010-04-15 22:53:39","2010-04-15 22:53:39",false,,,,"Rue Centrale 6 1003 Lausanne Vaud",,,,,,,,,,
174695000000140042,billmorrison,174695000000033001,,"Phillip Morris International","021 618 7511",,,,,,0,,,,,0,0.0,0,billmorrison,174695000000033001,billmorrison,174695000000033001,"2010-04-15 22:56:26","2010-04-15 22:56:26",false,,,,"Avenue des Baumettes 17 1020 Renens",,,,,,,,,,
174695000000140046,billmorrison,174695000000033001,,"MIG Investments SA","032 722 8100",,,,,,0,,,,,0,0.0,0,billmorrison,174695000000033001,billmorrison,174695000000033001,"2010-04-15 22:57:00","2010-04-15 22:57:00",false,,,,"Routes des Gouttes d'Or 14 2000 Neuchatel",,,,,,,,,,
174695000000140050,billmorrison,174695000000033001,,Medtronic,"021 802 7000",,,,,,0,,,,,0,0.0,0,billmorrison,174695000000033001,billmorrison,174695000000033001,"2010-04-15 22:58:01","2010-04-15 22:58:01",false,,,,"Route du Milliau 31 1131 Tolochenaz",,,,,,,,,,
174695000000140054,billmorrison,174695000000033001,,"Pentair International Sarl","021 623 6969",,,,,,0,,,,,0,0.0,0,billmorrison,174695000000033001,billmorrison,174695000000033001,"2010-04-15 22:58:55","2010-04-15 22:58:55",false,,,,"Avenue de Sévelin 18 1004 Lausanne",,,,,,,,,,
174695000000142001,billmorrison,174695000000033001,,NuSkin,,,,,,,0,,,,,0,0.0,0,billmorrison,174695000000033001,billmorrison,174695000000033001,"2010-04-15 16:56:58","2010-04-15 16:56:58",false,,,,,,,,,,,,,,
174695000000142007,billmorrison,174695000000033001,,"TCI Engineering",,,,,,,0,,,,,0,0.0,0,billmorrison,174695000000033001,billmorrison,174695000000033001,"2010-04-15 17:12:40","2010-05-27 15:02:18",false,,,,"Chemin de Montillier 4",,"1303 Penthaz",,,,,,,,
174695000000142030,billmorrison,174695000000033001,,"HSBC Private Bank (Suisse) SA","+41 58 705 57 74",,,,,,0,,,,,0,0.0,0,billmorrison,174695000000033001,billmorrison,174695000000033001,"2010-04-16 16:21:40","2010-04-16 16:21:40",false,,,,"Quai Général-Guisan, 2 1211 Geneva 3 SWITZERLAND",,,,,,,,,,
174695000000143001,billmorrison,174695000000033001,,Graeve,,,,,,,0,,,,,0,0.0,0,billmorrison,174695000000033001,billmorrison,174695000000033001,"2010-04-19 11:20:35","2010-04-19 11:20:35",false,,,,,,,,,,,,,,
174695000000144001,billmorrison,174695000000033001,,"SAM Headhunting Switzerland",,,,,,www.sam-int.com,0,,,,,0,0.0,0,billmorrison,174695000000033001,billmorrison,174695000000033001,"2010-04-20 13:55:27","2010-05-14 11:36:11",false,"Philip Djaferis",,,"Avenue Louis Casai 81",,Geneva,,,,"CH 1216",,,,"Franchise based recriutment firm. Working on 25% success fee basis for reletively low level recruitments. No sales training offered."
174695000000145001,"karen pink",174695000000033416,,"Patrimgest SA",,,,,,,0,,,,,0,0.0,0,"karen pink",174695000000033416,"karen pink",174695000000033416,"2010-04-20 16:21:38","2010-04-20 16:21:38",false,,,,,,,,,,,,,,
174695000000145005,"reinier bakker",174695000000034001,,"BNP Paribas Wealth Management",,,,,,,0,,,,,0,0.0,0,"karen pink",174695000000033416,"reinier bakker",174695000000034001,"2010-04-20 16:24:19","2010-07-19 16:17:56",false,,,,,,,,,,,,,,
174695000000145009,"karen pink",174695000000033416,,"Leclanche SA",,,,,,,0,,,,,0,0.0,0,"karen pink",174695000000033416,"karen pink",174695000000033416,"2010-04-20 16:27:31","2010-04-20 16:27:31",false,,,,,,,,,,,,,,
174695000000145013,"karen pink",174695000000033416,,"Medtronic International Trading Sarl",,,,,,,0,,,,,0,0.0,0,"karen pink",174695000000033416,"karen pink",174695000000033416,"2010-04-20 16:31:00","2010-04-20 16:31:00",false,,,,,,,,,,,,,,
174695000000145017,"karen pink",174695000000033416,,"Innovative Silicon",,,,,,,0,,,,,0,0.0,0,"karen pink",174695000000033416,"karen pink",174695000000033416,"2010-04-20 16:40:29","2010-04-20 16:40:29",false,,,,,,,,,,,,,,
174695000000145023,"karen pink",174695000000033416,,"Forth Capital (Geneve)",,,,,,,0,,,,,0,0.0,0,"karen pink",174695000000033416,"karen pink",174695000000033416,"2010-04-20 16:44:42","2010-04-20 16:44:42",false,,,,,,,,,,,,,,
174695000000145027,"karen pink",174695000000033416,,"UBS Wealth Management",,,,,,,0,,,,,0,0.0,0,"karen pink",174695000000033416,"karen pink",174695000000033416,"2010-04-20 16:46:33","2010-04-20 16:46:33",false,,,,,,,,,,,,,,
174695000000145031,"karen pink",174695000000033416,,"D trade",,,,,,,0,,,,,0,0.0,0,"karen pink",174695000000033416,"karen pink",174695000000033416,"2010-04-20 16:48:45","2010-04-20 16:48:45",false,,,,,,,,,,,,,,
174695000000145035,"karen pink",174695000000033416,,"Addax Petroleum",,,,,,,0,,,,,0,0.0,0,"karen pink",174695000000033416,"karen pink",174695000000033416,"2010-04-20 16:51:36","2010-04-20 16:51:36",false,,,,,,,,,,,,,,
174695000000145039,"karen pink",174695000000033416,,UBS,,,,,,,0,,,,,0,0.0,0,"karen pink",174695000000033416,"karen pink",174695000000033416,"2010-04-20 16:56:58","2010-04-20 16:56:58",false,,,,,,,,,,,,,,
174695000000145043,"karen pink",174695000000033416,,"Banque Baring Bros. Sturdza SA",,,,,,,0,,,,,0,0.0,0,"karen pink",174695000000033416,"karen pink",174695000000033416,"2010-04-20 17:00:40","2010-04-20 17:00:40",false,,,,,,,,,,,,,,
174695000000145047,"karen pink",174695000000033416,,"Bobst SA",,,,,,,0,,,,,0,0.0,0,"karen pink",174695000000033416,"karen pink",174695000000033416,"2010-04-20 17:04:23","2010-04-20 17:04:23",false,,,,,,,,,,,,,,
174695000000145053,"karen pink",174695000000033416,,"Horizon Group",,,,,,,0,,,,,0,0.0,0,"karen pink",174695000000033416,"karen pink",174695000000033416,"2010-04-20 17:08:34","2010-04-20 17:08:34",false,,,,,,,,,,,,,,
174695000000145057,"karen pink",174695000000033416,,"Ferring Pharmaceuticals",,,,,,,0,,,,,0,0.0,0,"karen pink",174695000000033416,"karen pink",174695000000033416,"2010-04-20 17:11:25","2010-04-20 17:11:25",false,,,,,,,,,,,,,,
174695000000145061,"karen pink",174695000000033416,,"Wegelin & Co",,,,,,,0,,,,,0,0.0,0,"karen pink",174695000000033416,"karen pink",174695000000033416,"2010-04-20 17:13:42","2010-04-20 17:13:42",false,,,,,,,,,,,,,,
174695000000145067,"karen pink",174695000000033416,,"Credit Suisse AG",,,,,,,0,,,,,0,0.0,0,"karen pink",174695000000033416,"karen pink",174695000000033416,"2010-04-20 17:17:53","2010-04-20 17:17:53",false,,,,,,,,,,,,,,
174695000000145071,"karen pink",174695000000033416,,Prediggo,,,,,,,0,,,,,0,0.0,0,"karen pink",174695000000033416,"karen pink",174695000000033416,"2010-04-20 17:20:09","2010-04-20 17:20:09",false,,,,,,,,,,,,,,
174695000000145075,"karen pink",174695000000033416,,Busnet,,,,,,,0,,,,,0,0.0,0,"karen pink",174695000000033416,"karen pink",174695000000033416,"2010-04-20 17:21:47","2010-04-20 17:21:47",false,,,,,,,,,,,,,,
174695000000145079,"karen pink",174695000000033416,,Busnet,,,,,,,0,,,,,0,0.0,0,"karen pink",174695000000033416,"karen pink",174695000000033416,"2010-04-20 17:22:32","2010-04-20 17:22:32",false,,,,,,,,,,,,,,
174695000000145099,"karen pink",174695000000033416,,"BCCC (Bianchi Carnice Christin & de Coulin)",,,,,,,0,,,,,0,0.0,0,"karen pink",174695000000033416,"karen pink",174695000000033416,"2010-04-28 18:58:30","2010-04-28 18:58:30",false,,,,,,,,,,,,,,
174695000000145103,"karen pink",174695000000033416,,T&N,,,,,,,0,,,,,0,0.0,0,"karen pink",174695000000033416,"karen pink",174695000000033416,"2010-04-28 19:00:51","2010-04-28 19:00:51",false,,,,,,,,,,,,,,
174695000000145107,"karen pink",174695000000033416,,"Vepa Concept Creation",,,,,,,0,,,,,0,0.0,0,"karen pink",174695000000033416,"karen pink",174695000000033416,"2010-04-28 19:02:52","2010-04-28 19:02:52",false,,,,,,,,,,,,,,
174695000000145111,"karen pink",174695000000033416,,"Solution Coaching",,,,,,,0,,,,,0,0.0,0,"karen pink",174695000000033416,"karen pink",174695000000033416,"2010-04-28 19:05:19","2010-04-28 19:05:19",false,,,,,,,,,,,,,,
174695000000145115,"karen pink",174695000000033416,,"Swisscom Directories AG",,,,,,,0,,,,,0,0.0,0,"karen pink",174695000000033416,"karen pink",174695000000033416,"2010-04-28 19:08:02","2010-04-28 19:08:02",false,,,,,,,,,,,,,,
174695000000145119,"karen pink",174695000000033416,,"VZ Insurance Services SA",,,,,,,0,,,,,0,0.0,0,"karen pink",174695000000033416,"karen pink",174695000000033416,"2010-04-28 19:12:30","2010-04-28 19:12:30",false,,,,,,,,,,,,,,
174695000000145123,"karen pink",174695000000033416,,"ADP (Suisse) SA",,,,,,,0,,,,,0,0.0,0,"karen pink",174695000000033416,"karen pink",174695000000033416,"2010-04-28 19:15:18","2010-04-28 19:15:18",false,,,,,,,,,,,,,,
174695000000145127,"karen pink",174695000000033416,,"WA Sejours & langues",,,,,,,0,,,,,0,0.0,0,"karen pink",174695000000033416,"karen pink",174695000000033416,"2010-04-28 19:32:08","2010-04-28 19:32:08",false,,,,,,,,,,,,,,
174695000000145131,"karen pink",174695000000033416,,LaMobiliere,,,,,,,0,,,,,0,0.0,0,"karen pink",174695000000033416,"karen pink",174695000000033416,"2010-04-28 19:34:01","2010-04-28 19:34:01",false,,,,,,,,,,,,,,
174695000000145135,"karen pink",174695000000033416,,"Gfeller Consulting & Partner SA",,,,,,,0,,,,,0,0.0,0,"karen pink",174695000000033416,"karen pink",174695000000033416,"2010-04-28 19:38:02","2010-04-28 19:38:02",false,,,,,,,,,,,,,,
174695000000146001,billmorrison,174695000000033001,,Mikron,,,,,,,0,,,,,0,0.0,0,billmorrison,174695000000033001,billmorrison,174695000000033001,"2010-04-21 12:06:05","2010-04-21 12:08:29",false,"John Harwell",,,,,,,,,,,,,
174695000000147007,billmorrison,174695000000033001,,"Alan Engineered Products",,,,,,,0,,,,,0,0.0,0,billmorrison,174695000000033001,billmorrison,174695000000033001,"2010-04-23 10:01:10","2010-04-23 10:01:10",false,,,,,,,,,,,,,,
174695000000147011,billmorrison,174695000000033001,,"Alcan Engineered Products",,,,,,,0,,,,,0,0.0,0,billmorrison,174695000000033001,billmorrison,174695000000033001,"2010-04-23 10:01:41","2010-04-23 10:01:41",false,,,,,,,,,,,,,,
174695000000147013,billmorrison,174695000000033001,,intereting.org,,,,,,,0,,,,,0,0.0,0,billmorrison,174695000000033001,billmorrison,174695000000033001,"2010-04-23 10:04:42","2010-04-23 10:04:42",false,,,,,,,,,,,,,,
174695000000147017,billmorrison,174695000000033001,,Swisscom,,,,,,,0,,,,,0,0.0,0,billmorrison,174695000000033001,billmorrison,174695000000033001,"2010-04-23 10:07:58","2010-04-23 10:07:58",false,,,,,,,,,,,,,,
174695000000147021,billmorrison,174695000000033001,,AIC,,,,,,,0,,,,,0,0.0,0,billmorrison,174695000000033001,billmorrison,174695000000033001,"2010-04-23 10:10:21","2010-04-23 10:10:21",false,,,,,,,,,,,,,,
174695000000147025,billmorrison,174695000000033001,,Thales,,,,,,,0,,,,,0,0.0,0,billmorrison,174695000000033001,billmorrison,174695000000033001,"2010-04-23 10:12:41","2010-04-23 10:12:41",false,,,,,,,,,,,,,,
174695000000147033,billmorrison,174695000000033001,,Fairquote,,,,,,,0,,,,,0,0.0,0,billmorrison,174695000000033001,billmorrison,174695000000033001,"2010-04-23 10:21:10","2010-04-23 10:21:10",false,,,,,,,,,,,,,,
174695000000147037,billmorrison,174695000000033001,,"Auto-Rives SA",,,,,,,0,,,,,0,0.0,0,billmorrison,174695000000033001,billmorrison,174695000000033001,"2010-04-23 10:23:22","2010-04-23 10:23:22",false,,,,,,,,,,,,,,
174695000000147041,billmorrison,174695000000033001,,Eaton,,,,,,,0,,,,,0,0.0,0,billmorrison,174695000000033001,billmorrison,174695000000033001,"2010-04-23 10:26:26","2010-04-23 10:26:26",false,,,,,,,,,,,,,,
174695000000147045,billmorrison,174695000000033001,,Concordia,,,,,,,0,,,,,0,0.0,0,billmorrison,174695000000033001,billmorrison,174695000000033001,"2010-04-23 10:28:43","2010-04-23 10:28:43",false,,,,,,,,,,,,,,
174695000000147049,billmorrison,174695000000033001,,"B.I.S. Kohler",,,,,,,0,,,,,0,0.0,0,billmorrison,174695000000033001,billmorrison,174695000000033001,"2010-04-23 10:32:16","2010-04-23 10:32:16",false,,,,,,,,,,,,,,
174695000000147053,billmorrison,174695000000033001,,"CaC Management",,,,,,,0,,,,,0,0.0,0,billmorrison,174695000000033001,billmorrison,174695000000033001,"2010-04-23 10:35:12","2010-04-23 10:35:12",false,,,,,,,,,,,,,,
174695000000147057,billmorrison,174695000000033001,,"PriceWaterhouseCoopers SA",,,,,,,0,,,,,0,0.0,0,billmorrison,174695000000033001,billmorrison,174695000000033001,"2010-04-23 11:08:25","2010-04-23 11:08:25",false,,,,,,,,,,,,,,
174695000000147061,billmorrison,174695000000033001,,Pixit,,,,,,,0,,,,,0,0.0,0,billmorrison,174695000000033001,billmorrison,174695000000033001,"2010-04-23 11:12:26","2010-04-23 11:12:26",false,,,,,,,,,,,,,,
174695000000147065,billmorrison,174695000000033001,,"GBS Gold International Inc",,,,,,,0,,,,,0,0.0,0,billmorrison,174695000000033001,billmorrison,174695000000033001,"2010-04-23 11:14:28","2010-04-23 11:14:28",false,,,,,,,,,,,,,,
174695000000147069,billmorrison,174695000000033001,,"Domex SA",,,,,,,0,,,,,0,0.0,0,billmorrison,174695000000033001,billmorrison,174695000000033001,"2010-04-23 11:16:29","2010-04-23 11:16:29",false,,,,,,,,,,,,,,
174695000000147073,billmorrison,174695000000033001,,"Credt Suisse",,,,,,,0,,,,,0,0.0,0,billmorrison,174695000000033001,billmorrison,174695000000033001,"2010-04-23 11:18:45","2010-04-23 11:18:45",false,,,,,,,,,,,,,,
174695000000147077,billmorrison,174695000000033001,,CITCO,,,,,,,0,,,,,0,0.0,0,billmorrison,174695000000033001,billmorrison,174695000000033001,"2010-04-23 11:21:14","2010-04-23 11:21:14",false,,,,,,,,,,,,,,
174695000000147081,billmorrison,174695000000033001,,"CTS Group",,,,,,,0,,,,,0,0.0,0,billmorrison,174695000000033001,billmorrison,174695000000033001,"2010-04-23 11:23:32","2010-04-23 11:23:32",false,,,,,,,,,,,,,,
174695000000147085,billmorrison,174695000000033001,,"The Geneva Community",,,,,,,0,,,,,0,0.0,0,billmorrison,174695000000033001,billmorrison,174695000000033001,"2010-04-23 11:25:21","2010-04-23 11:25:21",false,,,,,,,,,,,,,,
174695000000150033,billmorrison,174695000000033001,,Nestlé,,,,,,,,,,,,0,0.0,0,billmorrison,174695000000033001,billmorrison,174695000000033001,"2010-04-30 15:05:44","2010-04-30 15:05:44",false,"BSCC Key Account",,,,,,,,,,,,,
174695000000150043,"karen pink",174695000000033416,,"Micro Management Computer Systems",,,,,,,0,,,,,0,0.0,0,"karen pink",174695000000033416,"karen pink",174695000000033416,"2010-04-30 15:12:25","2010-04-30 15:12:25",false,,,,,,,,,,,,,,
174695000000150047,"karen pink",174695000000033416,,"Spirit Trading Import Sarl",,,,,,,0,,,,,0,0.0,0,"karen pink",174695000000033416,"karen pink",174695000000033416,"2010-04-30 15:14:06","2010-04-30 15:14:06",false,,,,,,,,,,,,,,
174695000000150053,"karen pink",174695000000033416,,"Dettwiler Consulting",,,,,,,0,,,,,0,0.0,0,"karen pink",174695000000033416,"karen pink",174695000000033416,"2010-04-30 15:17:38","2010-04-30 15:17:38",false,,,,,,,,,,,,,,
174695000000150057,"karen pink",174695000000033416,,"tpg Publicite SA",,,,,,,0,,,,,0,0.0,0,"karen pink",174695000000033416,"karen pink",174695000000033416,"2010-04-30 15:19:37","2010-04-30 15:19:37",false,,,,,,,,,,,,,,
174695000000150061,"karen pink",174695000000033416,,"Riviera Business Center",,,,,,,0,,,,,0,0.0,0,"karen pink",174695000000033416,"karen pink",174695000000033416,"2010-04-30 15:21:36","2010-04-30 15:21:36",false,,,,,,,,,,,,,,
174695000000150065,"karen pink",174695000000033416,,Lexmark,,,,,,,0,,,,,0,0.0,0,"karen pink",174695000000033416,"karen pink",174695000000033416,"2010-04-30 15:25:43","2010-04-30 15:25:43",false,,,,,,,,,,,,,,
174695000000150069,"karen pink",174695000000033416,,"Federation International de Volleyball (FIVB)",,,,,,,0,,,,,0,0.0,0,"karen pink",174695000000033416,"karen pink",174695000000033416,"2010-04-30 15:28:02","2010-04-30 15:28:02",false,,,,,,,,,,,,,,
174695000000150073,"karen pink",174695000000033416,,Kuoni,,,,,,,0,,,,,0,0.0,0,"karen pink",174695000000033416,"karen pink",174695000000033416,"2010-04-30 15:29:43","2010-04-30 15:29:43",false,,,,,,,,,,,,,,
174695000000150077,"karen pink",174695000000033416,,"Deville mazout Sarl",,,,,,,0,,,,,0,0.0,0,"karen pink",174695000000033416,"karen pink",174695000000033416,"2010-04-30 15:31:48","2010-04-30 15:31:48",false,,,,,,,,,,,,,,
174695000000150081,"karen pink",174695000000033416,,"Jaccard & Diserens",,,,,,,0,,,,,0,0.0,0,"karen pink",174695000000033416,"karen pink",174695000000033416,"2010-04-30 15:33:56","2010-04-30 15:33:56",false,,,,,,,,,,,,,,
174695000000150085,"karen pink",174695000000033416,,"D Couvertes",,,,,,,0,,,,,0,0.0,0,"karen pink",174695000000033416,"karen pink",174695000000033416,"2010-04-30 15:35:28","2010-04-30 15:35:28",false,,,,,,,,,,,,,,
174695000000150089,"karen pink",174695000000033416,,"Wegelin & Co",,,,,,,0,,,,,0,0.0,0,"karen pink",174695000000033416,"karen pink",174695000000033416,"2010-04-30 15:39:14","2010-04-30 15:39:14",false,,,,,,,,,,,,,,
174695000000150093,"karen pink",174695000000033416,,MyExpatShop,,,,,,,0,,,,,0,0.0,0,"karen pink",174695000000033416,"karen pink",174695000000033416,"2010-04-30 15:40:42","2010-04-30 15:40:42",false,,,,,,,,,,,,,,
174695000000150097,"karen pink",174695000000033416,,"DS Tax Consulting",,,,,,,0,,,,,0,0.0,0,"karen pink",174695000000033416,"karen pink",174695000000033416,"2010-04-30 15:42:27","2010-04-30 15:42:27",false,,,,,,,,,,,,,,
174695000000150101,"karen pink",174695000000033416,,"Wurlod Architects",,,,,,,0,,,,,0,0.0,0,"karen pink",174695000000033416,"karen pink",174695000000033416,"2010-04-30 15:44:07","2010-04-30 15:44:07",false,,,,,,,,,,,,,,
174695000000150105,"karen pink",174695000000033416,,Expression,,,,,,,0,,,,,0,0.0,0,"karen pink",174695000000033416,"karen pink",174695000000033416,"2010-04-30 15:45:53","2010-04-30 15:45:53",false,,,,,,,,,,,,,,
174695000000150109,"karen pink",174695000000033416,,Voxis,,,,,,,0,,,,,0,0.0,0,"karen pink",174695000000033416,"karen pink",174695000000033416,"2010-04-30 15:46:45","2010-04-30 15:46:45",false,,,,,,,,,,,,,,
174695000000150115,"karen pink",174695000000033416,,"Le Cafe Vivant",,,,,,,0,,,,,0,0.0,0,"karen pink",174695000000033416,"karen pink",174695000000033416,"2010-04-30 15:51:18","2010-04-30 15:51:18",false,,,,,,,,,,,,,,
174695000000151039,"karen pink",174695000000033416,,CTP,,,,,,,0,,,,,0,0.0,0,"karen pink",174695000000033416,"karen pink",174695000000033416,"2010-04-29 14:41:33","2010-04-29 14:41:33",false,,,,,,,,,,,,,,
174695000000152009,"karen pink",174695000000033416,,"McDonald's Suisse Restaurants Sarl",,,,,,,0,,,,,0,0.0,0,"karen pink",174695000000033416,"karen pink",174695000000033416,"2010-04-30 12:27:17","2010-04-30 12:27:17",false,,,,,,,,,,,,,,
174695000000154011,billmorrison,174695000000033001,Active,"Alcatel Lucent",,,,,,,,,,,,0,0.0,0,billmorrison,174695000000033001,billmorrison,174695000000033001,"2010-05-03 12:15:14","2010-05-03 12:15:14",false,,,,,,,,,,,,,,
174695000000158001,billmorrison,174695000000033001,,"Octobre Moore",,http://octobremoore.com/contact.php,,,,,,,,,,0,0.0,0,billmorrison,174695000000033001,billmorrison,174695000000033001,"2010-05-04 14:06:55","2010-05-04 14:06:55",false,,,,,,,,,,,,,,
174695000000159001,billmorrison,174695000000033001,,Valtronic,,,,,,,0,,,,,0,0.0,0,billmorrison,174695000000033001,billmorrison,174695000000033001,"2010-05-04 16:08:00","2010-05-04 16:13:22",false,,,,"Route de Bonport 2",,"1343 Les Charbonnières",,,,,,Switzerland,,"Valtronic Technologies (Suisse) SA"
174695000000160007,billmorrison,174695000000033001,,"Ernst & Young Ltd","+41 58 286 5656",,,,,,0,,,,,0,0.0,0,billmorrison,174695000000033001,billmorrison,174695000000033001,"2010-05-05 12:15:46","2010-05-05 12:15:46",false,,,,"59, rte de Chancy 1213 Geneva SWITZERLAND",,,,,,,,,,"Sandler Brief"
174695000000162003,billmorrison,174695000000033001,,"Merck Serono",,,,,,http://www.merckserono.com/en/,,,,,,0,0.0,0,billmorrison,174695000000033001,billmorrison,174695000000033001,"2010-05-06 12:00:19","2010-05-06 12:00:19",false,,,,,,,,,,,,,,
174695000000163019,billmorrison,174695000000033001,,"de Vere Group",,,,,,,,,,,,0,0.0,0,billmorrison,174695000000033001,billmorrison,174695000000033001,"2010-05-07 13:20:06","2010-05-07 13:20:06",false,,,,,,,,,,,,,,
174695000000170015,billmorrison,174695000000033001,,"Jonathan Wood","+41 79 409 81 23",,,,,,0,,,,,0,0.0,0,billmorrison,174695000000033001,billmorrison,174695000000033001,"2010-05-11 14:30:40","2010-05-11 14:30:40",false,,,,"Rue de L'Evole 46 2000 Neuchâtel",,,,,,,,,,
174695000000174011,"karen pink",174695000000033416,,SoftTeco,,,,,,,0,,,,,0,0.0,0,"karen pink",174695000000033416,"karen pink",174695000000033416,"2010-05-12 11:03:45","2010-05-12 11:03:45",false,,,,,,,,,,,,,,
174695000000175003,"karen pink",174695000000033416,,Johnson,,,,,,,0,,,,,0,0.0,0,"karen pink",174695000000033416,"karen pink",174695000000033416,"2010-05-12 12:46:21","2010-05-12 12:46:21",false,,,,,,,,,,,,,,
174695000000175009,"karen pink",174695000000033416,,"SC Johnson Europe Sarl",,,,,,,0,,,,,0,0.0,0,"karen pink",174695000000033416,"karen pink",174695000000033416,"2010-05-12 12:46:40","2010-05-12 12:46:40",false,,,,,,,,,,,,,,
174695000000177001,billmorrison,174695000000033001,,"T'emogique Philm",,,,,,,0,,,,,0,0.0,0,billmorrison,174695000000033001,billmorrison,174695000000033001,"2010-05-14 09:45:10","2010-05-14 09:45:10",false,,,,,,,,,,,,,,
174695000000179001,"karen pink",174695000000033416,,"Intertrust Group",,,,,,,0,,,,,0,0.0,0,"karen pink",174695000000033416,"karen pink",174695000000033416,"2010-05-17 15:04:45","2010-05-17 15:04:45",false,,,,,,,,,,,,,,
174695000000180021,billmorrison,174695000000033001,,viabasket,,,,,,,0,,,,,0,0.0,0,billmorrison,174695000000033001,billmorrison,174695000000033001,"2010-05-19 15:11:19","2010-05-19 15:11:19",false,,,,,,,,,,,,,,
174695000000183003,"reinier bakker",174695000000034001,,"Frederique Constant",,,,,,,0,,,,,0,0.0,0,billmorrison,174695000000033001,billmorrison,174695000000033001,"2010-05-21 09:04:47","2010-05-21 09:05:48",false,,,,,,,,,,,,,,
174695000000188001,billmorrison,174695000000033001,,"Starsupply Renewables",,http://www.starsupply.ch/,,,,,0,,,,,0,0.0,0,billmorrison,174695000000033001,billmorrison,174695000000033001,"2010-05-26 12:33:59","2010-05-26 12:35:09",false,,,,,,,,,,,,,,
174695000000190003,"karen pink",174695000000033416,,Navego,,,,,,,0,,,,,0,0.0,0,"karen pink",174695000000033416,"karen pink",174695000000033416,"2010-05-31 15:18:55","2010-05-31 15:18:55",false,,,,,,,,,,,,,,
174695000000190009,"karen pink",174695000000033416,,"Nu Skin",,,,,,,0,,,,,0,0.0,0,"karen pink",174695000000033416,"karen pink",174695000000033416,"2010-05-31 15:27:09","2010-05-31 15:27:09",false,,,,,,,,,,,,,,
174695000000190019,billmorrison,174695000000033001,,AngoInfo,,,,,,,0,,,,,0,0.0,0,"karen pink",174695000000033416,billmorrison,174695000000033001,"2010-05-31 15:43:49","2010-06-23 11:19:46",false,,,,,,,,,,,,,,
174695000000190025,billmorrison,174695000000033001,,"Proctor & Gamble",,,,,,www.pg.com,0,,,,,0,0.0,0,billmorrison,174695000000033001,billmorrison,174695000000033001,"2010-05-31 16:07:45","2010-05-31 16:07:45",false,,,,,,,,,,,,,,
174695000000192007,billmorrison,174695000000033001,,Wok,,,,,,,0,,,,,0,0.0,0,billmorrison,174695000000033001,billmorrison,174695000000033001,"2010-05-28 11:17:43","2010-05-28 11:17:43",false,,,,,,,,,,,,,,
174695000000195005,"karen pink",174695000000033416,,Kinetic,,,,,,,0,,,,,0,0.0,0,"karen pink",174695000000033416,billmorrison,174695000000033001,"2010-05-31 17:28:34","2010-06-15 08:55:50",false,,,,,,,,,,,,,,
174695000000202007,"karen pink",174695000000033416,,Focus360,,,,,,,0,,,,,0,0.0,0,"karen pink",174695000000033416,"karen pink",174695000000033416,"2010-06-06 15:19:00","2010-06-06 15:19:00",false,,,,,,,,,,,,,,
174695000000205015,billmorrison,174695000000033001,,"Devine Inventory",,http://www.wingnut.com/,,,,,,,,,,0,0.0,0,billmorrison,174695000000033001,billmorrison,174695000000033001,"2010-06-14 14:51:55","2010-07-26 17:00:51",false,,,,,,,,,,,,,,
174695000000215003,"karen pink",174695000000033416,,"Sandler Training",,,,,,,0,,,,,0,0.0,0,"karen pink",174695000000033416,"karen pink",174695000000033416,"2010-06-21 13:22:46","2010-06-21 13:22:46",false,,,,,,,,,,,,,,
174695000000219005,billmorrison,174695000000033001,,Kanebo,,,,,,,,,,,,0,0.0,0,billmorrison,174695000000033001,billmorrison,174695000000033001,"2010-06-23 09:00:07","2010-06-23 09:01:38",false,BlueSky,BlueSky,,,,,,,,,,,,
174695000000219015,billmorrison,174695000000033001,,Actelion,,,,,,,,,,,,0,0.0,0,billmorrison,174695000000033001,billmorrison,174695000000033001,"2010-06-23 09:03:11","2010-06-23 09:03:11",false,BlueSky,BlueSky,,,,,,,,,,,,"ref mail from Malar 22/6/10."
174695000000223570,billmorrison,174695000000033001,,"IFM Trust S.A.","+41 22 715 1450",,,,,,0,,,,,0,0.0,0,billmorrison,174695000000033001,billmorrison,174695000000033001,"2010-06-29 18:03:01","2010-06-29 18:03:01",false,,,,"29 Quai des Bergues 1201 Geneva SWITZERLAND",,,,,,,,,,
174695000000224002,billmorrison,174695000000033001,,IATA,,,,,,,0,,,,,0,0.0,0,billmorrison,174695000000033001,billmorrison,174695000000033001,"2010-06-28 09:37:48","2010-06-28 09:37:48",false,,,,,,,,,,,,,,
174695000000256114,billmorrison,174695000000033001,,"extended disc",,,,,,,,,,,,0,0.0,0,billmorrison,174695000000033001,billmorrison,174695000000033001,"2010-07-27 17:06:38","2010-07-27 17:06:38",false,,,,,,,,,,,,,,
174695000000263009,billmorrison,174695000000033001,Active,"The Brand Consultancy",,,,,,,,,Partner,,,0,0.0,0,billmorrison,174695000000033001,billmorrison,174695000000033001,"2010-07-30 10:45:31","2010-07-30 10:45:31",false,,,,,,,,,,,,,,
174695000000266005,billmorrison,174695000000033001,,na,,,,,,,0,,,,,0,0.0,0,billmorrison,174695000000033001,billmorrison,174695000000033001,"2010-07-30 15:53:09","2010-07-30 15:53:09",false,,,,,,,,,,,,,,"Nice chap from BSCC"
174695000000276003,billmorrison,174695000000033001,,"Fluid Automation Systems SA",,,,,,,0,,,,,0,0.0,0,billmorrison,174695000000033001,billmorrison,174695000000033001,"2010-08-10 08:06:00","2010-08-10 08:06:00",false,,,,,,,,,,,,,,
174695000000276019,billmorrison,174695000000033001,,Personal,,,,,,,0,,,,,0,0.0,0,billmorrison,174695000000033001,billmorrison,174695000000033001,"2010-08-10 08:28:06","2010-08-10 08:28:06",false,,,,,,,,,,,,,,
